
{
  "Cm1" : 34.762,
  "Cm2" : 0.987,

  "Cr0" : 1.499,
  "Cr2" : 0.999,

  "Br" 	: 3.000,
  "Cr" 	: 0.500,
  "Dr" 	: 1.392,
  "Er"  : -0.013,

  "Bf"	: 3.002,
  "Cf" 	: 0.501,
  "Df" 	: 0.183,
  "Ef"  :-0.011,

  "m" 	: 3.74,
  "Iz" 	: 0.08,
  "lf" 	: 0.15875,
  "lr" 	: 0.17145,

  "Shf" : -0.004,
  "Svf" : 0.436,
  "Shr" : -0.006,
  "Svr" : 0.292,

  "car_l": 0.4,
  "car_w": 0.28,

  "g"   : 9.81,

  "R_in" : 1.2,
  "R_out" : 1.2,

  "max_dist_proj": 0.6,

  "E_long" : 0.9,
  "E_eps" : 10.0,

  "maxAlpha" : 3.0,

  "initial_velocity" : 1.0,
  "s_trust_region" : 0.3,

  "vx_zero": 0.5
}