
{
  "Cm1" : 9.891,
  "Cm2" : -3.432,

  "Cr0" : 0.295,
  "Cr2" : 0.074,

  "Br" 	: -3.677,
  "Cr" 	: 2.152,
  "Dr" 	: 1.708,
  "Er"  : -6.589,

  "Bf"	: 11.198,
  "Cf" 	: 2.110,
  "Df" 	: 3.082,
  "Ef"  :-3.904,

  "m" 	: 3.74,
  "Iz" 	: 1.425,
  "lf" 	: 0.15875,
  "lr" 	: 0.17145,

  "Shf" : -4.211,
  "Svf" : -0.181,
  "Shr" : 2.206,
  "Svr" : 0.079,

  "car_l": 0.33,
  "car_w": 0.26,

  "g"   : 9.81,

  "R_in" : 0.3,
  "R_out" : 0.3,

  "max_dist_proj": 0.4,

  "E_long" : 0.9,
  "E_eps" : 0.95,

  "maxAlpha" : 0.6,

  "initial_velocity" : 1.0,
  "s_trust_region" : 0.2,

  "vx_zero": 0.3
}